[
  {
    "id": 1,
    "name": "Buddy",
    "type": "Dog",
    "species": "Golden Retriever",
    "age": 3,
    "adopted": false
  },
  {
    "id": 2,
    "name": "Whiskers",
    "type": "Cat",
    "species": "Siamese",
    "age": 2,
    "adopted": false
  },
  {
    "id": 3,
    "name": "Thumper",
    "type": "Rabbit",
    "species": "Dutch",
    "age": 1,
    "adopted": false
  },
  {
    "id": 4,
    "name": "Shadow",
    "type": "Dog",
    "species": "German Shepherd",
    "age": 5,
    "adopted": false
  }
]
